{
  "module_names": [
    {
      "branches": 18,
      "branches_missing": 0,
      "branches_partial": 0,
      "coverage": 66.3265306122449,
      "lines": [
        1,
        2,
        3,
        4,
        5,
        6,
        7,
        8,
        9,
        11,
        12,
        13,
        15,
        18,
        19,
        21,
        22,
        23,
        24,
        25,
        26,
        27,
        29,
        30,
        32,
        36,
        38,
        39,
        40,
        41,
        42,
        46,
        47,
        49,
        53,
        54,
        56,
        59,
        60,
        62,
        63,
        64,
        65,
        67,
        68,
        70,
        73,
        74,
        76,
        77,
        78,
        79,
        80,
        83,
        84,
        86,
        87,
        89,
        90,
        92,
        93,
        96,
        97,
        99,
        100,
        101,
        102,
        104,
        106,
        107,
        108,
        109,
        111,
        114,
        117,
        119,
        121,
        124,
        126,
        127,
        130,
        132,
        133,
        134,
        135,
        143,
        144,
        145,
        147,
        149,
        152,
        154,
        155,
        156,
        157,
        158,
        160,
        162
      ],
      "lines_not_covered": [
        1,
        2,
        3,
        4,
        5,
        6,
        7,
        8,
        9,
        11,
        12,
        13,
        15,
        18,
        19,
        32,
        36,
        46,
        47,
        53,
        54,
        59,
        60,
        73,
        74,
        83,
        84,
        96,
        97,
        117,
        124,
        130,
        152
      ],
      "module": "app",
      "sum_lines": 98,
      "sum_lines_not_covered": 33
    },
    {
      "branches": 24,
      "branches_missing": 0,
      "branches_partial": 0,
      "coverage": 86.3013698630137,
      "lines": [
        1,
        2,
        3,
        4,
        5,
        8,
        9,
        11,
        12,
        14,
        15,
        16,
        18,
        22,
        24,
        25,
        27,
        63,
        64,
        65,
        67,
        68,
        70,
        74,
        76,
        77,
        79,
        81,
        82,
        83,
        85,
        92,
        93,
        94,
        95,
        97,
        98,
        99,
        101,
        102,
        103,
        105,
        109,
        110,
        112,
        114,
        115,
        117,
        119,
        120,
        121,
        123,
        127,
        128,
        130,
        132,
        133,
        135,
        137,
        138,
        139,
        141,
        149,
        150,
        152,
        154,
        156,
        157,
        163,
        164,
        166,
        168,
        170,
        171,
        172,
        174,
        175,
        176,
        178,
        183,
        184,
        186,
        187,
        188,
        190,
        201,
        213,
        214,
        217,
        218,
        219,
        221,
        223,
        227,
        229,
        242,
        253,
        260,
        280,
        282,
        288,
        304,
        310,
        312,
        314,
        316,
        318,
        320,
        329,
        330,
        332,
        334,
        335,
        337,
        347,
        349,
        351,
        353,
        359,
        362,
        372,
        377,
        379,
        381,
        382,
        383,
        384,
        386,
        388,
        389,
        391,
        393,
        397,
        399,
        403,
        405,
        407,
        411,
        414,
        420,
        426,
        434,
        445,
        446,
        448,
        449,
        450,
        452,
        462,
        468,
        473,
        474,
        476,
        477,
        478,
        480,
        493,
        504,
        509,
        510,
        512,
        513,
        514,
        516,
        525,
        530,
        531,
        533,
        534,
        535,
        537,
        554,
        555,
        557,
        558,
        559,
        561,
        567,
        568,
        570,
        571,
        572,
        574,
        587,
        588,
        590,
        591,
        592,
        594,
        614,
        615,
        617,
        618,
        619,
        621,
        632,
        633,
        635,
        636,
        637,
        639,
        647,
        648,
        650,
        651,
        652,
        654,
        666,
        667,
        669,
        670,
        671,
        672,
        673,
        674,
        675,
        676,
        677,
        678
      ],
      "lines_not_covered": [
        1,
        2,
        3,
        4,
        5,
        8,
        9,
        11,
        14,
        63,
        81,
        101,
        119,
        137,
        174,
        186,
        217,
        332,
        386,
        448,
        476,
        512,
        533,
        557,
        570,
        590,
        617,
        635,
        650,
        669
      ],
      "module": "database",
      "sum_lines": 219,
      "sum_lines_not_covered": 30
    },
    {
      "branches": 0,
      "branches_missing": 0,
      "branches_partial": 0,
      "coverage": 65.21739130434783,
      "lines": [
        1,
        2,
        4,
        39,
        55,
        83,
        84,
        85,
        86,
        87,
        88,
        91,
        92,
        93,
        94,
        95,
        96,
        99,
        100,
        101,
        102,
        103,
        104
      ],
      "lines_not_covered": [
        1,
        2,
        4,
        39,
        55,
        83,
        91,
        99
      ],
      "module": "data_validator",
      "sum_lines": 23,
      "sum_lines_not_covered": 8
    }
  ],
  "overall_branch_coverage": 100.0,
  "overall_branch_partial_coverage": 100.0,
  "overall_coverage": 79.11764705882354
}